﻿<?xml version="1.0" encoding="utf-8" ?>
<Customers>
<Customer>
  <CustomerID>100</CustomerID>
  <CustomerName>john</CustomerName>
  <CustomerCity>BGL</CustomerCity>
</Customer>

<Customer>
  <CustomerID>1002</CustomerID>
  <CustomerName>smith</CustomerName>
  <CustomerCity>BGL</CustomerCity>
</Customer>

<Customer>
  <CustomerID>1003</CustomerID>
  <CustomerName>bhav</CustomerName>
  <CustomerCity>hyd</CustomerCity>

  <Customer>
    <CustomerID>1004</CustomerID>
    <CustomerName>bagya</CustomerName>
    <CustomerCity>hyd</CustomerCity>
  </Customer>
 
</Customer>


</Customers>